Project Name,Suspect USDT support?,Skip,Added,Web3 but no stablecoin,General Stablecoin Adoption,To be Added,Processed?,In Admin,TG/TON appstore (no main URL),Final Status,Website,X Link,X Handle,Telegram,Category,Release Date,Product Status,The Grid Status,Profile Name,Root ID,Matched URL,Matched via,Ecosystem/Chain,Source,Notes,Evidence & Source URLs
Crypto Royale,FALSE,FALSE,FALSE,FALSE,FALSE,FALSE,FALSE,FALSE,FALSE,Not Processed,https://cryptoroyale.one,,https://x.com/CryptoRoyaleONE,,Gaming,,,❌ Not found,,,,,avalanche,https://core.app/discover/projects,Live,
Greedy World,FALSE,FALSE,FALSE,FALSE,FALSE,FALSE,FALSE,FALSE,FALSE,Not Processed,https://play.greedyworld.io,,https://twitter.com/greedyworldio,,Gaming,,,❌ Not found,,,,,avalanche,https://core.app/discover/projects,Live,
DOS L1,FALSE,FALSE,FALSE,FALSE,FALSE,FALSE,FALSE,FALSE,FALSE,Not Processed,https://doslabs.io/,,https://twitter.com/DOS_Labs,,Gaming,,,❌ Not found,,,,,avalanche,https://core.app/discover/projects,Live,
MetaDOS,FALSE,FALSE,FALSE,FALSE,FALSE,FALSE,FALSE,FALSE,FALSE,Not Processed,https://metados.com,,https://twitter.com/PlayMetaDOS,,Gaming,,,❌ Not found,,,,,avalanche,https://core.app/discover/projects,Live,
Earniverse,FALSE,FALSE,FALSE,FALSE,FALSE,FALSE,FALSE,FALSE,FALSE,Not Processed,https://earniverse.io,,https://x.com/earniverse_io,,Gaming,,,❌ Not found,,,,,avalanche,https://core.app/discover/projects,Live,
Providence,FALSE,FALSE,FALSE,FALSE,FALSE,FALSE,FALSE,FALSE,FALSE,Not Processed,https://playprovidence.io/,,https://x.com/PlayProvidence,,Gaming,,,❌ Not found,,,,,avalanche,https://core.app/discover/projects,In Development,
MadSkullz,FALSE,FALSE,FALSE,FALSE,FALSE,FALSE,FALSE,FALSE,FALSE,Not Processed,https://madskullz.io,,https://x.com/SkullzHQ,,Gaming,,,❌ Not found,,,,,avalanche,https://core.app/discover/projects,Live,
DeFi Kingdoms,FALSE,FALSE,FALSE,FALSE,FALSE,FALSE,FALSE,FALSE,FALSE,Added,https://defikingdoms.com,,https://x.com/DefiKingdoms,,Gaming,,,✅ Found,DeFi Kingdoms,1757,https://admin.thegrid.id/profiles/?rootId=1757,URL: urlMain,avalanche,https://core.app/discover/projects,Live,
Domi Online,FALSE,FALSE,FALSE,FALSE,FALSE,FALSE,FALSE,FALSE,FALSE,Not Processed,https://domionline.io/,,https://x.com/domionline,,Gaming,,,❌ Not found,,,,,avalanche,https://core.app/discover/projects,Live,
Gamer Arena,FALSE,FALSE,FALSE,FALSE,FALSE,FALSE,FALSE,FALSE,FALSE,Not Processed,https://about.gamerarena.com/,,https://x.com/GAUtoken,,Gaming,,,❌ Not found,,,,,avalanche,https://core.app/discover/projects,Live,
Tower,FALSE,FALSE,FALSE,FALSE,FALSE,FALSE,FALSE,FALSE,FALSE,Not Processed,https://app.towera.xyz/,,https://x.com/Tower_Aion,,Gaming,,,❌ Not found,,,,,avalanche,https://core.app/discover/projects,In Development,
Chikn,FALSE,FALSE,FALSE,FALSE,FALSE,FALSE,FALSE,FALSE,FALSE,Not Processed,https://chikn.farm,,https://x.com/chikn_nft,,Gaming,,,❌ Not found,,,,,avalanche,https://core.app/discover/projects,Live,
PLAYA3ULL GAMES,FALSE,FALSE,FALSE,FALSE,FALSE,FALSE,FALSE,FALSE,FALSE,Not Processed,https://playa3ull.games/,,https://twitter.com/PLAYA3ULL_GAMES,,Gaming,,,❌ Not found,,,,,avalanche,https://core.app/discover/projects,Live,
OOCAI,FALSE,FALSE,FALSE,FALSE,FALSE,FALSE,FALSE,FALSE,FALSE,Not Processed,http://www.oocai.fun/,,https://twitter.com/OOCAI_Official,,Gaming,,,❌ Not found,,,,,avalanche,https://core.app/discover/projects,In Development,
mintNOW - No Code NFT Tool For Enterprise,FALSE,FALSE,FALSE,FALSE,FALSE,FALSE,FALSE,FALSE,FALSE,Not Processed,https://mintnow.web3tech.biz,,https://twitter.com/Web3tech_,,Gaming,,,❌ Not found,,,,,avalanche,https://core.app/discover/projects,In Development,
Runblox,FALSE,FALSE,FALSE,FALSE,FALSE,FALSE,FALSE,FALSE,FALSE,Not Processed,https://runblox.io,,https://x.com/runblox_io,,Gaming,,,❌ Not found,,,,,avalanche,https://core.app/discover/projects,Live,
Degenverse,FALSE,FALSE,FALSE,FALSE,FALSE,FALSE,FALSE,FALSE,FALSE,Not Processed,https://linktr.ee/degenverse.cc,,https://twitter.com/degen_game,,Gaming,,,❌ Not found,,,,,avalanche,https://core.app/discover/projects,Live,
Pegaxy,FALSE,FALSE,FALSE,FALSE,FALSE,FALSE,FALSE,FALSE,FALSE,Not Processed,https://pegaxy.io,,https://twitter.com/PegaxyOfficial,,Gaming,,,❌ Not found,,,,,avalanche,https://core.app/discover/projects,In Development,
BetFury,FALSE,FALSE,FALSE,FALSE,FALSE,FALSE,FALSE,FALSE,FALSE,Not Processed,https://betfury.tv/avalanche,,https://twitter.com/betfury_gaming,,Gaming,,,❌ Not found,,,,,avalanche,https://core.app/discover/projects,Live,
Yay Games,FALSE,FALSE,FALSE,FALSE,FALSE,FALSE,FALSE,FALSE,FALSE,Not Processed,https://play.yay.games/,,https://twitter.com/yayprotocol,,Gaming,,,❌ Not found,,,,,avalanche,https://core.app/discover/projects,Live,
Pulsar; Pulsar Finance,FALSE,FALSE,FALSE,FALSE,FALSE,FALSE,FALSE,FALSE,FALSE,Not Processed,https://pulsar.game/; https://app.pulsar.finance/,,https://x.com/PulsarGame; https://x.com/PulsarFinance,,Gaming; Service Providers,,,❌ Not found; ✅ Found,Pulsar Finance,id1762284666-QbAtPOivRHaDdNaCbiB6kQ,https://admin.thegrid.id/profiles/?rootId=id1762284666-QbAtPOivRHaDdNaCbiB6kQ,Social Handle: Socials Lens - Twitter / X,avalanche,https://core.app/discover/projects,Live,
Shrapnel,FALSE,FALSE,FALSE,FALSE,FALSE,FALSE,FALSE,FALSE,FALSE,Not Processed,https://www.shrapnel.com/,,https://x.com/playSHRAPNEL,,Gaming,,,❌ Not found,,,,,avalanche,https://core.app/discover/projects,Live,
Bloodloop,FALSE,FALSE,FALSE,FALSE,FALSE,FALSE,FALSE,FALSE,FALSE,Not Processed,https://www.bloodloop.org/,,https://x.com/BloodLoopGAME,,Gaming,,,❌ Not found,,,,,avalanche,https://core.app/discover/projects,Live,
Gamic,FALSE,FALSE,FALSE,FALSE,FALSE,FALSE,FALSE,FALSE,FALSE,Added,https://gamic.app,,https://x.com/mygamichq,,Gaming,,,✅ Found,Gamic,id1755007394-eCNC4cLkRBuwn3ZPux-71w,https://admin.thegrid.id/profiles/?rootId=id1755007394-eCNC4cLkRBuwn3ZPux-71w,URL: urlMain,avalanche,https://core.app/discover/projects,Live,
Petopia,FALSE,FALSE,FALSE,FALSE,FALSE,FALSE,FALSE,FALSE,FALSE,Not Processed,https://petopiagame.io,,https://twitter.com/PetopiaOfficial,,Gaming,,,❌ Not found,,,,,avalanche,https://core.app/discover/projects,Live,
GuildTech,FALSE,FALSE,FALSE,FALSE,FALSE,FALSE,FALSE,FALSE,FALSE,Not Processed,https://guildtech.mirailabs.co,,https://twitter.com/TheMiraiLabs,,Gaming,,,❌ Not found,,,,,avalanche,https://core.app/discover/projects,Live,
Heroes Chained,FALSE,FALSE,FALSE,FALSE,FALSE,FALSE,FALSE,FALSE,FALSE,Not Processed,https://heroeschained.com/,,https://twitter.com/HeroesChained,,Gaming,,,❌ Not found,,,,,avalanche,https://core.app/discover/projects,Live,
BetSwirl,FALSE,FALSE,FALSE,FALSE,FALSE,FALSE,FALSE,FALSE,FALSE,Not Processed,https://www.betswirl.com,,https://x.com/BetSwirl,,Gaming,,,❌ Not found,,,,,avalanche,https://core.app/discover/projects,Live,
Heroes of NFT,FALSE,FALSE,FALSE,FALSE,FALSE,FALSE,FALSE,FALSE,FALSE,Not Processed,https://www.heroesofnft.com/,,https://x.com/heroesofnft,,Gaming,,,❌ Not found,,,,,avalanche,https://core.app/discover/projects,In Development,
RaceX,FALSE,FALSE,FALSE,FALSE,FALSE,FALSE,FALSE,FALSE,FALSE,Not Processed,https://racex.tech/,,https://x.com/DcrcAvax,,Gaming,,,❌ Not found,,,,,avalanche,https://core.app/discover/projects,Live,
Portal Fantasy,FALSE,FALSE,FALSE,FALSE,FALSE,FALSE,FALSE,FALSE,FALSE,Not Processed,https://portalfantasy.io,,https://x.com/PortalFantasyio,,Gaming,,,❌ Not found,,,,,avalanche,https://core.app/discover/projects,Live,
Paradise Tycoon,FALSE,FALSE,FALSE,FALSE,FALSE,FALSE,FALSE,FALSE,FALSE,Not Processed,https://paradisetycoon.com/,,https://x.com/paradisetycoon,,Gaming,,,❌ Not found,,,,,avalanche,https://core.app/discover/projects,Live,
Openblox,FALSE,FALSE,FALSE,FALSE,FALSE,FALSE,FALSE,FALSE,FALSE,Not Processed,https://openblox.io/,,https://twitter.com/OpenBlox_io,,Gaming,,,❌ Not found,,,,,avalanche,https://core.app/discover/projects,Live,
Hatchy Verse,FALSE,FALSE,FALSE,FALSE,FALSE,FALSE,FALSE,FALSE,FALSE,Not Processed,https://hatchyverse.com/,,https://x.com/hatchyverse,,Gaming,,,❌ Not found,,,,,avalanche,https://core.app/discover/projects,Live,
Cosmic Universe,FALSE,FALSE,FALSE,FALSE,FALSE,FALSE,FALSE,FALSE,FALSE,Not Processed,https://cosmicuniverse.io,,https://x.com/thecosmicguild,,Gaming,,,❌ Not found,,,,,avalanche,https://core.app/discover/projects,In Development,
Arcade Galaxy,FALSE,FALSE,FALSE,FALSE,FALSE,FALSE,FALSE,FALSE,FALSE,Not Processed,https://www.arcadegalaxy.space,,https://x.com/arcadegalaxy_,,Gaming,,,❌ Not found,,,,,avalanche,https://core.app/discover/projects,Live,
Cookout Club,FALSE,FALSE,FALSE,FALSE,FALSE,FALSE,FALSE,FALSE,FALSE,Not Processed,https://cookoutclub.xyz,,https://twitter.com/cookoutclubxyz,,Gaming,,,❌ Not found,,,,,avalanche,https://core.app/discover/projects,Live,
Beam,FALSE,FALSE,FALSE,FALSE,FALSE,FALSE,FALSE,FALSE,FALSE,Added,https://onbeam.com/,,https://twitter.com/BuildOnBeam,,Gaming,,,✅ Found,Beam,1253,https://admin.thegrid.id/profiles/?rootId=1253,Name: Profile,avalanche,https://core.app/discover/projects,Live,
TSM,FALSE,FALSE,FALSE,FALSE,FALSE,FALSE,FALSE,FALSE,FALSE,Not Processed,https://blitz.gg/,,https://twitter.com/TSM,,Gaming,,,❌ Not found,,,,,avalanche,https://core.app/discover/projects,Live,
Aethir,FALSE,FALSE,FALSE,FALSE,FALSE,FALSE,FALSE,FALSE,FALSE,Added,https://aethir.com/,,https://twitter.com/AethirCloud,,Gaming,,,✅ Found,Aethir,1180,https://admin.thegrid.id/profiles/?rootId=1180,URL: urlMain,avalanche,https://core.app/discover/projects,Live,
AvaQuid Games,FALSE,FALSE,FALSE,FALSE,FALSE,FALSE,FALSE,FALSE,FALSE,Not Processed,https://avaquidgamess.netlify.app/,,https://twitter.com/AvaQuidOnAVAX,,Gaming,,,❌ Not found,,,,,avalanche,https://core.app/discover/projects,In Development,
Awaken,FALSE,FALSE,FALSE,FALSE,FALSE,FALSE,FALSE,FALSE,FALSE,Added,https://playawaken.xyz,,https://twitter.com/PlayAwakenHQ,,Gaming,,,✅ Found,Awaken,id1743542989-TMb1YpyZR0G4CyZ5ofiCPg,https://admin.thegrid.id/profiles/?rootId=id1743542989-TMb1YpyZR0G4CyZ5ofiCPg,Name: Profile,avalanche,https://core.app/discover/projects,In Development,
DFK Chain L1,FALSE,FALSE,FALSE,FALSE,FALSE,FALSE,FALSE,FALSE,FALSE,Added,https://defikingdoms.com/crystalvale,,https://twitter.com/DefiKingdoms,,Gaming,,,✅ Found,DeFi Kingdoms,1757,https://admin.thegrid.id/profiles/?rootId=1757,Social Handle: Socials Lens - Twitter / X,avalanche,https://core.app/discover/projects,Live,
Loco Legends L1,FALSE,FALSE,FALSE,FALSE,FALSE,FALSE,FALSE,FALSE,FALSE,Not Processed,https://locolegends.com/,,https://twitter.com/LegendsByLoco,,Gaming,,,❌ Not found,,,,,avalanche,https://core.app/discover/projects,Live,
Mirai Chain,FALSE,FALSE,FALSE,FALSE,FALSE,FALSE,FALSE,FALSE,FALSE,Not Processed,https://miraichain.io,,https://twitter.com/TheMiraiChain,,Gaming,,,❌ Not found,,,,,avalanche,https://core.app/discover/projects,Live,
Monsterra NFT Game,FALSE,FALSE,FALSE,FALSE,FALSE,FALSE,FALSE,FALSE,FALSE,Not Processed,https://monsterra.io,,https://twitter.com/Monsterra_P2E,,Gaming,,,❌ Not found,,,,,avalanche,https://core.app/discover/projects,Live,
the MCVerse,FALSE,FALSE,FALSE,FALSE,FALSE,FALSE,FALSE,FALSE,FALSE,Not Processed,https://mcverse.app/,,https://twitter.com/themcverse,,Gaming,,,❌ Not found,,,,,avalanche,https://core.app/discover/projects,Live,
Kana Labs,FALSE,FALSE,FALSE,FALSE,FALSE,FALSE,FALSE,FALSE,FALSE,Added,https://www.kanalabs.io,,https://twitter.com/kanalabs,,Gaming,,,✅ Found,Kana Labs,id1757486213-AQQI0ur8QkeUEtZxppHBzg,https://admin.thegrid.id/profiles/?rootId=id1757486213-AQQI0ur8QkeUEtZxppHBzg,Name: Profile,avalanche,https://core.app/discover/projects,Live,
The Legend of Aurum Draconis,FALSE,FALSE,FALSE,FALSE,FALSE,FALSE,FALSE,FALSE,FALSE,Not Processed,https://aurumdraconis.dragoncrypto.io/,,https://twitter.com/DCGgamefi,,Gaming,,,❌ Not found,,,,,avalanche,https://core.app/discover/projects,Live,
Off The Grid,FALSE,FALSE,FALSE,FALSE,FALSE,FALSE,FALSE,FALSE,FALSE,Added,https://gameoffthegrid.com/,,https://x.com/playoffthegrid,,Gaming,,,✅ Found,Off The Grid,id1764247875-YxNBGtnYT3Oirhbcbe27-g,https://admin.thegrid.id/profiles/?rootId=id1764247875-YxNBGtnYT3Oirhbcbe27-g,URL: urlMain,avalanche,https://core.app/discover/projects,Live,
Enclave Markets,FALSE,FALSE,FALSE,FALSE,FALSE,FALSE,FALSE,FALSE,FALSE,Not Processed,https://www.enclave.market/,,https://twitter.com/enclavemarkets,,Exchanges & On-Ramps,,,❌ Not found,,,,,avalanche,https://core.app/discover/projects,Live,
NEAR Intents,FALSE,FALSE,FALSE,FALSE,FALSE,FALSE,FALSE,FALSE,FALSE,Added,https://near-intents.org/,,https://x.com/near_intents,,Exchanges & On-Ramps,,,✅ Found,NEAR Intents,id1770672784-l3kqkjgsSxOjT1KU9BrN2Q,https://admin.thegrid.id/profiles/?rootId=id1770672784-l3kqkjgsSxOjT1KU9BrN2Q,URL: urlMain,avalanche,https://core.app/discover/projects,In Development,
DeFi Board Options Exchange (DBOE),FALSE,FALSE,FALSE,FALSE,FALSE,FALSE,FALSE,FALSE,FALSE,Not Processed,https://dboe.exchange,,https://x.com/DBOE_Official,,Exchanges & On-Ramps,,,❌ Not found,,,,,avalanche,https://core.app/discover/projects,Live,
Plena Finance,FALSE,FALSE,FALSE,FALSE,FALSE,FALSE,FALSE,FALSE,FALSE,Not Processed,https://plena.finance/,,https://x.com/plenafinance,,Exchanges & On-Ramps,,,❌ Not found,,,,,avalanche,https://core.app/discover/projects,Live,
RocketX,FALSE,FALSE,FALSE,FALSE,FALSE,FALSE,FALSE,FALSE,FALSE,Added,https://rocketx.exchange,,https://x.com/RocketXexchange,,Exchanges & On-Ramps,,,✅ Found,RocketX Exchange,id1761219080-I2Q6o1p-StyXDE3fgZRxYQ,https://admin.thegrid.id/profiles/?rootId=id1761219080-I2Q6o1p-StyXDE3fgZRxYQ,URL: urlMain,avalanche,https://core.app/discover/projects,Live,
Blackhole,FALSE,FALSE,FALSE,FALSE,FALSE,FALSE,FALSE,FALSE,FALSE,Not Processed,https://blackhole.xyz/,,https://x.com/BlackholeDex,,Exchanges & On-Ramps,,,❌ Not found,,,,,avalanche,https://core.app/discover/projects,Live,
LFJ Exchange,FALSE,FALSE,FALSE,FALSE,FALSE,FALSE,FALSE,FALSE,FALSE,Not Processed,https://lfj.gg/avalanche,,https://twitter.com/LFJ_gg,,Exchanges & On-Ramps,,,❌ Not found,,,,,avalanche,https://core.app/discover/projects,Live,
TradeSta.io,FALSE,FALSE,FALSE,FALSE,FALSE,FALSE,FALSE,FALSE,FALSE,Not Processed,https://www.tradesta.io,,https://x.com/TradeStaPerpDEX,,Exchanges & On-Ramps,,,❌ Not found,,,,,avalanche,https://core.app/discover/projects,In Development,
AquaBank,FALSE,FALSE,FALSE,FALSE,FALSE,FALSE,FALSE,FALSE,FALSE,Not Processed,https://aquabank.io/,,https://x.com/Aquabank2025,,Exchanges & On-Ramps,,,❌ Not found,,,,,avalanche,https://core.app/discover/projects,In Development,
Euler,FALSE,FALSE,FALSE,FALSE,FALSE,FALSE,FALSE,FALSE,FALSE,Added,https://euler.finance,,https://x.com/eulerfinance,,Exchanges & On-Ramps,,,✅ Found,Euler Labs,id1744885028-WIJRG-1gSHOyuV6YI0a8xQ,https://admin.thegrid.id/profiles/?rootId=id1744885028-WIJRG-1gSHOyuV6YI0a8xQ,Social Handle: Socials Lens - Twitter / X,avalanche,https://core.app/discover/projects,In Development,
Omni Exchange,FALSE,FALSE,FALSE,FALSE,FALSE,FALSE,FALSE,FALSE,FALSE,Added,https://omni.exchange/,,https://x.com/omni_exchange,,Exchanges & On-Ramps,,,✅ Found,Omni Exchange,id1762971917-aJebtCqFT_eM-SYLF7r-Pw,https://admin.thegrid.id/profiles/?rootId=id1762971917-aJebtCqFT_eM-SYLF7r-Pw,URL: urlMain,avalanche,https://core.app/discover/projects,In Development,
Mach Exchange,FALSE,FALSE,FALSE,FALSE,FALSE,FALSE,FALSE,FALSE,FALSE,Not Processed,https://app.mach.exchange/,,https://x.com/mach_exchange,,Exchanges & On-Ramps,,,❌ Not found,,,,,avalanche,https://core.app/discover/projects,Live,
Atlas DEX,FALSE,FALSE,FALSE,FALSE,FALSE,FALSE,FALSE,FALSE,FALSE,Not Processed,https://atlasdex.finance/,,https://x.com/atlas_dex,,Exchanges & On-Ramps,,,❌ Not found,,,,,avalanche,https://core.app/discover/projects,Live,
DZap,FALSE,FALSE,FALSE,FALSE,FALSE,FALSE,FALSE,FALSE,FALSE,Not Processed,https://www.dzap.io,,https://twitter.com/dzap_io,,Exchanges & On-Ramps,,,❌ Not found,,,,,avalanche,https://core.app/discover/projects,Live,
Pheasant Network,FALSE,FALSE,FALSE,FALSE,FALSE,FALSE,FALSE,FALSE,FALSE,Not Processed,https://pheasant.network/,,https://twitter.com/PheasantNetwork,,Exchanges & On-Ramps,,,❌ Not found,,,,,avalanche,https://core.app/discover/projects,Live,
Gauge,FALSE,FALSE,FALSE,FALSE,FALSE,FALSE,FALSE,FALSE,FALSE,Not Processed,https://gauge.fun/,,https://twitter.com/gauge_e1,,Exchanges & On-Ramps,,,❌ Not found,,,,,avalanche,https://core.app/discover/projects,Live,
Uniswap,FALSE,FALSE,FALSE,FALSE,FALSE,FALSE,FALSE,FALSE,FALSE,Added,https://app.uniswap.org/,,https://twitter.com/Uniswap,,Exchanges & On-Ramps,,,✅ Found,Uniswap,1122,https://admin.thegrid.id/profiles/?rootId=1122,Name: Profile,avalanche,https://core.app/discover/projects,Live,
Balanced,FALSE,FALSE,FALSE,FALSE,FALSE,FALSE,FALSE,FALSE,FALSE,Not Processed,https://balanced.network,,https://twitter.com/BalancedDeFi,,Exchanges & On-Ramps,,,❌ Not found,,,,,avalanche,https://core.app/discover/projects,Live,
MtopSwap | Best Price MetaDEX Aggregator,FALSE,FALSE,FALSE,FALSE,FALSE,FALSE,FALSE,FALSE,FALSE,Not Processed,https://swoop.exchange/,,https://x.com/Swoop_Exchange,,Exchanges & On-Ramps,,,❌ Not found,,,,,avalanche,https://core.app/discover/projects,Live,
Chainspot,FALSE,FALSE,FALSE,FALSE,FALSE,FALSE,FALSE,FALSE,FALSE,Added,https://chainspot.io/,,https://twitter.com/chainspotIO,,Exchanges & On-Ramps,,,✅ Found,Chainspot,id1761680603-E1UQa1YqRY6AGB4dvGSYbQ,https://admin.thegrid.id/profiles/?rootId=id1761680603-E1UQa1YqRY6AGB4dvGSYbQ,URL: urlMain,avalanche,https://core.app/discover/projects,Live,
OmniBTC,FALSE,FALSE,FALSE,FALSE,FALSE,FALSE,FALSE,FALSE,FALSE,Not Processed,https://www.omnibtc.finance/,,https://twitter.com/OmniBTC,,Exchanges & On-Ramps,,,❌ Not found,,,,,avalanche,https://core.app/discover/projects,In Development,
IDEMAND SWAP EXCHANGE,FALSE,FALSE,FALSE,FALSE,FALSE,FALSE,FALSE,FALSE,FALSE,Not Processed,https://idemanddriver.com/crypto,,https://twitter.com/hermc1,,Exchanges & On-Ramps,,,❌ Not found,,,,,avalanche,https://core.app/discover/projects,Live,
Ethena,FALSE,FALSE,FALSE,FALSE,FALSE,FALSE,FALSE,FALSE,FALSE,Added,https://ethena.fi/,,https://twitter.com/ethena_labs,,Exchanges & On-Ramps,,,✅ Found,Ethena,1294,https://admin.thegrid.id/profiles/?rootId=1294,URL: urlMain,avalanche,https://core.app/discover/projects,Live,
paydece P2P,FALSE,FALSE,FALSE,FALSE,FALSE,FALSE,FALSE,FALSE,FALSE,Not Processed,https://paydece.io,,https://twitter.com/paydece,,Exchanges & On-Ramps,,,❌ Not found,,,,,avalanche,https://core.app/discover/projects,Live,
ShapeShift DAO,FALSE,FALSE,FALSE,FALSE,FALSE,FALSE,FALSE,FALSE,FALSE,Added,https://shapeshift.com/,,https://twitter.com/ShapeShift,,Exchanges & On-Ramps,,,✅ Found,ShapeShift,id1754477515-45QEEtoiS7mVYvFdV2Qkyw,https://admin.thegrid.id/profiles/?rootId=id1754477515-45QEEtoiS7mVYvFdV2Qkyw,URL: urlMain,avalanche,https://core.app/discover/projects,Live,
СeDeFiAi,FALSE,FALSE,FALSE,FALSE,FALSE,FALSE,FALSE,FALSE,FALSE,Not Processed,https://cdfi.ai/,,https://twitter.com/CeDeFiAI,,Exchanges & On-Ramps,,,❌ Not found,,,,,avalanche,https://core.app/discover/projects,Live,
Panoptic,FALSE,FALSE,FALSE,FALSE,FALSE,FALSE,FALSE,FALSE,FALSE,Added,https://www.panoptic.xyz,,https://twitter.com/Panoptic_xyz,,Exchanges & On-Ramps,,,✅ Found,Panoptic,id1754581933-FRSjihJbRQi0y3Mu61DLeQ,https://admin.thegrid.id/profiles/?rootId=id1754581933-FRSjihJbRQi0y3Mu61DLeQ,Name: Profile,avalanche,https://core.app/discover/projects,In Development,
IceCreamSwap,FALSE,FALSE,FALSE,FALSE,FALSE,FALSE,FALSE,FALSE,FALSE,Not Processed,https://icecreamswap.com,,https://twitter.com/icecream_swap,,Exchanges & On-Ramps,,,❌ Not found,,,,,avalanche,https://core.app/discover/projects,In Development,
WOOFi,FALSE,FALSE,FALSE,FALSE,FALSE,FALSE,FALSE,FALSE,FALSE,Not Processed,https://fi.woo.org/,,https://twitter.com/WOOnetwork,,Exchanges & On-Ramps,,,❌ Not found,,,,,avalanche,https://core.app/discover/projects,Live,
Platypus Finance,FALSE,FALSE,FALSE,FALSE,FALSE,FALSE,FALSE,FALSE,FALSE,Not Processed,https://platypus.finance/,,https://twitter.com/Platypusdefi,,Exchanges & On-Ramps,,,❌ Not found,,,,,avalanche,https://core.app/discover/projects,Live,
GeckoTerminal,FALSE,FALSE,FALSE,FALSE,FALSE,FALSE,FALSE,FALSE,FALSE,Added,https://www.geckoterminal.com/,,https://twitter.com/GeckoTerminal,,Exchanges & On-Ramps,,,✅ Found,GeckoTerminal,id1761873115-dgXp6d7LT2aWT50V2TX5zA,https://admin.thegrid.id/profiles/?rootId=id1761873115-dgXp6d7LT2aWT50V2TX5zA,Name: Profile,avalanche,https://core.app/discover/projects,Live,
Cables Finance DEX,FALSE,FALSE,FALSE,FALSE,FALSE,FALSE,FALSE,FALSE,FALSE,Not Processed,https://www.cables.finance/,,https://twitter.com/CablesFinance,,Exchanges & On-Ramps,,,❌ Not found,,,,,avalanche,https://core.app/discover/projects,Live,
Verse,FALSE,FALSE,FALSE,FALSE,FALSE,FALSE,FALSE,FALSE,FALSE,Not Processed,https://verse.bitcoin.com/,,https://twitter.com/bitcoincom,,Exchanges & On-Ramps,,,❌ Not found,,,,,avalanche,https://core.app/discover/projects,Live,
Incognito Chain,FALSE,FALSE,FALSE,FALSE,FALSE,FALSE,FALSE,FALSE,FALSE,Not Processed,https://incognito.org/,,https://twitter.com/incognitochain,,Exchanges & On-Ramps,,,❌ Not found,,,,,avalanche,https://core.app/discover/projects,Live,
Umbria Network,FALSE,FALSE,FALSE,FALSE,FALSE,FALSE,FALSE,FALSE,FALSE,Not Processed,https://umbria.network/,,https://twitter.com/networkumbria,,Exchanges & On-Ramps,,,❌ Not found,,,,,avalanche,https://core.app/discover/projects,Live,
XY Finance,FALSE,FALSE,FALSE,FALSE,FALSE,FALSE,FALSE,FALSE,FALSE,Not Processed,https://xy.finance,,https://twitter.com/xyfinance,,Exchanges & On-Ramps,,,❌ Not found,,,,,avalanche,https://core.app/discover/projects,Live,
Rango,FALSE,FALSE,FALSE,FALSE,FALSE,FALSE,FALSE,FALSE,FALSE,Added,https://app.rango.exchange,,https://twitter.com/RangoExchange,,Exchanges & On-Ramps,,,✅ Found,Rango,id1741256421-1jntz31HS5ajVTuRTX6viQ,https://admin.thegrid.id/profiles/?rootId=id1741256421-1jntz31HS5ajVTuRTX6viQ,Social Handle: Socials Lens - Twitter / X,avalanche,https://core.app/discover/projects,Live,
Coinone,FALSE,FALSE,FALSE,FALSE,FALSE,FALSE,FALSE,FALSE,FALSE,Not Processed,https://coinone.co.kr/,,https://x.com/CoinoneOfficial,,Exchanges & On-Ramps,,,❌ Not found,,,,,avalanche,https://core.app/discover/projects,Live,
Simplex,FALSE,FALSE,FALSE,FALSE,FALSE,FALSE,FALSE,FALSE,FALSE,Added,https://www.simplex.com/,,https://x.com/SimplexCC,,Exchanges & On-Ramps,,,✅ Found,Nuvei,id1754572395-dI40IpuDSM-gblaPoDO21w,https://admin.thegrid.id/profiles/?rootId=id1754572395-dI40IpuDSM-gblaPoDO21w,Name: Product,avalanche,https://core.app/discover/projects,Live,
CryptoMKT,FALSE,FALSE,FALSE,FALSE,FALSE,FALSE,FALSE,FALSE,FALSE,Not Processed,https://www.cryptomkt.com/,,https://x.com/CryptoMKT,,Exchanges & On-Ramps,,,❌ Not found,,,,,avalanche,https://core.app/discover/projects,Live,
Pangolin,FALSE,FALSE,FALSE,FALSE,FALSE,FALSE,FALSE,FALSE,FALSE,Not Processed,https://pangolin.exchange/,,https://twitter.com/pangolindex,,Exchanges & On-Ramps,,,❌ Not found,,,,,avalanche,https://core.app/discover/projects,Live,
GMX,FALSE,FALSE,FALSE,FALSE,FALSE,FALSE,FALSE,FALSE,FALSE,Added,https://gmx.io/,,https://twitter.com/GMX_IO,,Exchanges & On-Ramps,,,✅ Found,GMX,id1759303804-IsiCh5sgTiy0uroW8J2JBA,https://admin.thegrid.id/profiles/?rootId=id1759303804-IsiCh5sgTiy0uroW8J2JBA,URL: urlMain,avalanche,https://core.app/discover/projects,Live,
entry.fun,FALSE,FALSE,FALSE,FALSE,FALSE,FALSE,FALSE,FALSE,FALSE,Not Processed,https://entry.fun/avalanche,,https://x.com/entrydotfun,,Exchanges & On-Ramps,,,❌ Not found,,,,,avalanche,https://core.app/discover/projects,In Development,
HTX,FALSE,FALSE,FALSE,FALSE,FALSE,FALSE,FALSE,FALSE,FALSE,Added,https://www.htx.com/,,https://x.com/HTX_Global,,Exchanges & On-Ramps,,,✅ Found,HTX,1845,https://admin.thegrid.id/profiles/?rootId=1845,URL: urlMain,avalanche,https://core.app/discover/projects,Live,
ZKP2P,FALSE,FALSE,FALSE,FALSE,FALSE,FALSE,FALSE,FALSE,FALSE,Added,https://www.zkp2p.xyz/,,https://x.com/zkp2p,,Exchanges & On-Ramps,,,✅ Found,ZKP2P,id1755068913-AaLtmCkJTRaVqgHQfdEizw,https://admin.thegrid.id/profiles/?rootId=id1755068913-AaLtmCkJTRaVqgHQfdEizw,URL: urlMain,avalanche,https://core.app/discover/projects,Live,
Coin Wallet,FALSE,FALSE,FALSE,FALSE,FALSE,FALSE,FALSE,FALSE,FALSE,Added,https://coin.space/,,https://x.com/CoinAppWallet,,Exchanges & On-Ramps,,,✅ Found,CoinSpace,id1761762813-zyo1ePRjQ6GOJL_lQnWyxw,https://admin.thegrid.id/profiles/?rootId=id1761762813-zyo1ePRjQ6GOJL_lQnWyxw,URL: urlMain,avalanche,https://core.app/discover/projects,Live,
OKEx,FALSE,FALSE,FALSE,FALSE,FALSE,FALSE,FALSE,FALSE,FALSE,Added,https://www.oklink.com/,,https://x.com/OKLink,,Exchanges & On-Ramps,,,✅ Found,OKLink,id1741256382-A7OLaPFdSbCc_7gu1QYzHg,https://admin.thegrid.id/profiles/?rootId=id1741256382-A7OLaPFdSbCc_7gu1QYzHg,URL: urlMain,avalanche,https://core.app/discover/projects,Live,
Mt Pelerin,FALSE,FALSE,FALSE,FALSE,FALSE,FALSE,FALSE,FALSE,FALSE,Added,https://www.mtpelerin.com/,,https://twitter.com/mtpelerin,,Exchanges & On-Ramps,,,✅ Found,Mt Pelerin,id1754565484-RAxmaC1yQhyEcSzAExBoIQ,https://admin.thegrid.id/profiles/?rootId=id1754565484-RAxmaC1yQhyEcSzAExBoIQ,URL: urlMain,avalanche,https://core.app/discover/projects,Live,
Paribu,FALSE,FALSE,FALSE,FALSE,FALSE,FALSE,FALSE,FALSE,FALSE,Not Processed,https://www.paribu.com/,,https://www.x.com/paribucom,,Exchanges & On-Ramps,,,❌ Not found,,,,,avalanche,https://core.app/discover/projects,Live,
Guru Network,FALSE,FALSE,FALSE,FALSE,FALSE,FALSE,FALSE,FALSE,FALSE,Not Processed,https://gurunetwork.ai/,,https://x.com/xgurunetwork,,Exchanges & On-Ramps,,,❌ Not found,,,,,avalanche,https://core.app/discover/projects,Live,
Binance,FALSE,FALSE,FALSE,FALSE,FALSE,FALSE,FALSE,FALSE,FALSE,Added,https://www.binance.com,,https://x.com/binance,,Exchanges & On-Ramps,,,✅ Found,Binance,117,https://admin.thegrid.id/profiles/?rootId=117,URL: urlMain,avalanche,https://core.app/discover/projects,Live,
BtcTurk,FALSE,FALSE,FALSE,FALSE,FALSE,FALSE,FALSE,FALSE,FALSE,Not Processed,https://www.btcturk.com/,,https://x.com/btcturk,,Exchanges & On-Ramps,,,❌ Not found,,,,,avalanche,https://core.app/discover/projects,Live,
BitMart,FALSE,FALSE,FALSE,FALSE,FALSE,FALSE,FALSE,FALSE,FALSE,Added,https://www.bitmart.com/,,https://x.com/BitMartExchange,,Exchanges & On-Ramps,,,✅ Found,BitMart,id1754461128-KAxhGYCITE-ZaYO0s1Uzag,https://admin.thegrid.id/profiles/?rootId=id1754461128-KAxhGYCITE-ZaYO0s1Uzag,URL: urlMain,avalanche,https://core.app/discover/projects,Live,
Bitpanda,FALSE,FALSE,FALSE,FALSE,FALSE,FALSE,FALSE,FALSE,FALSE,Added,https://www.bitpanda.com/en,,https://twitter.com/bitpanda,,Exchanges & On-Ramps,,,✅ Found,Bitpanda,id1758120818--Wu2bymxQWOpFm_aDiKFPA,https://admin.thegrid.id/profiles/?rootId=id1758120818--Wu2bymxQWOpFm_aDiKFPA,Social Handle: Socials Lens - Twitter / X,avalanche,https://core.app/discover/projects,Live,
Canary Exchange,FALSE,FALSE,FALSE,FALSE,FALSE,FALSE,FALSE,FALSE,FALSE,Not Processed,https://canary.exchange/,,https://x.com/canarydefi,,Exchanges & On-Ramps,,,❌ Not found,,,,,avalanche,https://core.app/discover/projects,Live,
SideShift.ai,FALSE,FALSE,FALSE,FALSE,FALSE,FALSE,FALSE,FALSE,FALSE,Added,https://sideshift.ai/,,https://twitter.com/sideshiftai,,Exchanges & On-Ramps,,,✅ Found,SideShift AI,1358,https://admin.thegrid.id/profiles/?rootId=1358,URL: urlMain,avalanche,https://core.app/discover/projects,Live,
MetavestApp,FALSE,FALSE,FALSE,FALSE,FALSE,FALSE,FALSE,FALSE,FALSE,Not Processed,http://metavest.app/,,https://twitter.com/MetavestApp,,Exchanges & On-Ramps,,,❌ Not found,,,,,avalanche,https://core.app/discover/projects,In Development,
SkipShift,FALSE,FALSE,FALSE,FALSE,FALSE,FALSE,FALSE,FALSE,FALSE,Not Processed,https://skipshift.io/,,https://twitter.com/SkipShiftDefi,,Exchanges & On-Ramps,,,❌ Not found,,,,,avalanche,https://core.app/discover/projects,Live,
Flipster,FALSE,FALSE,FALSE,FALSE,FALSE,FALSE,FALSE,FALSE,FALSE,Added,https://flipster.io/,,https://x.com/flipster_io,,Exchanges & On-Ramps,,,✅ Found,Flipster,id1748266709-anNBgmVKRnq6yDZdQi3cdQ,https://admin.thegrid.id/profiles/?rootId=id1748266709-anNBgmVKRnq6yDZdQi3cdQ,URL: urlMain,avalanche,https://core.app/discover/projects,Live,
SwapSpace,FALSE,FALSE,FALSE,FALSE,FALSE,FALSE,FALSE,FALSE,FALSE,Added,https://swapspace.co,,https://twitter.com/SwapSpaceCo,,Exchanges & On-Ramps,,,✅ Found,SwapSpace,id1763410543-VzUfizvaR6y6rdwCzRYAxA,https://admin.thegrid.id/profiles/?rootId=id1763410543-VzUfizvaR6y6rdwCzRYAxA,URL: urlMain,avalanche,https://core.app/discover/projects,Live,
Dexalot,FALSE,FALSE,FALSE,FALSE,FALSE,FALSE,FALSE,FALSE,FALSE,Not Processed,https://dexalot.com/,,https://twitter.com/dexalotcom,,Exchanges & On-Ramps,,,❌ Not found,,,,,avalanche,https://core.app/discover/projects,Live,
Cede.store,FALSE,FALSE,FALSE,FALSE,FALSE,FALSE,FALSE,FALSE,FALSE,Not Processed,https://cede.store,,https://twitter.com/CedeLabs,,Exchanges & On-Ramps,,,❌ Not found,,,,,avalanche,https://core.app/discover/projects,Live,
WAVY,FALSE,FALSE,FALSE,FALSE,FALSE,FALSE,FALSE,FALSE,FALSE,Not Processed,https://usewavy.xyz,,https://twitter.com/usewavyxyz,,Exchanges & On-Ramps,,,❌ Not found,,,,,avalanche,https://core.app/discover/projects,Live,
paydece,FALSE,FALSE,FALSE,FALSE,FALSE,FALSE,FALSE,FALSE,FALSE,Not Processed,https://app.paydece.io/,,https://twitter.com/paydece,,Exchanges & On-Ramps,,,❌ Not found,,,,,avalanche,https://core.app/discover/projects,Live,
Assetux,FALSE,FALSE,FALSE,FALSE,FALSE,FALSE,FALSE,FALSE,FALSE,Added,https://assetux.com,,https://twitter.com/assetux,,Exchanges & On-Ramps,,,✅ Found,Assetux,id1764912703-NNoAo_S-RAS9GnzGciU09w,https://admin.thegrid.id/profiles/?rootId=id1764912703-NNoAo_S-RAS9GnzGciU09w,URL: urlMain,avalanche,https://core.app/discover/projects,Live,
Onramp Money,FALSE,FALSE,FALSE,FALSE,FALSE,FALSE,FALSE,FALSE,FALSE,Added,https://onramp.money/,,https://twitter.com/onrampmoney?s=20,,Exchanges & On-Ramps,,,✅ Found,Onramp Money,id1741256389-hik3yXDBQxqaJDk1Lg4XkQ,https://admin.thegrid.id/profiles/?rootId=id1741256389-hik3yXDBQxqaJDk1Lg4XkQ,URL: urlMain,avalanche,https://core.app/discover/projects,Live,
Voyager,FALSE,FALSE,FALSE,FALSE,FALSE,FALSE,FALSE,FALSE,FALSE,Added,https://www.investvoyager.com/,,https://twitter.com/investvoyager,,Exchanges & On-Ramps,,,✅ Found,Voyager,id1737069963-E7hxGQWXSkGFU3Ep2obx-g,https://admin.thegrid.id/profiles/?rootId=id1737069963-E7hxGQWXSkGFU3Ep2obx-g,Name: Profile,avalanche,https://core.app/discover/projects,Live,
Coinbase,FALSE,FALSE,FALSE,FALSE,FALSE,FALSE,FALSE,FALSE,FALSE,Added,https://www.coinbase.com/price/avalanche,,https://twitter.com/coinbase,,Exchanges & On-Ramps,,,✅ Found,Coinbase,1125,https://admin.thegrid.id/profiles/?rootId=1125,Name: Profile,avalanche,https://core.app/discover/projects,Live,
Sushiswap,FALSE,FALSE,FALSE,FALSE,FALSE,FALSE,FALSE,FALSE,FALSE,Added,https://sushi.com/,,https://twitter.com/sushiswap,,Exchanges & On-Ramps,,,✅ Found,Sushi,id1753735222-DG6ngSjeSR-RW4CtC3y07Q,https://admin.thegrid.id/profiles/?rootId=id1753735222-DG6ngSjeSR-RW4CtC3y07Q,Name: Product,avalanche,https://core.app/discover/projects,Live,
Curve,FALSE,FALSE,FALSE,FALSE,FALSE,FALSE,FALSE,FALSE,FALSE,Not Processed,https://avax.curve.fi/,,https://twitter.com/CurveFinance,,Exchanges & On-Ramps,,,❌ Not found,,,,,avalanche,https://core.app/discover/projects,Live,
Complus Network,FALSE,FALSE,FALSE,FALSE,FALSE,FALSE,FALSE,FALSE,FALSE,Not Processed,https://complus.exchange/,,https://twitter.com/complusnetwork,,Exchanges & On-Ramps,,,❌ Not found,,,,,avalanche,https://core.app/discover/projects,Live,
CoinEx,FALSE,FALSE,FALSE,FALSE,FALSE,FALSE,FALSE,FALSE,FALSE,Added,https://www.coinex.com/,,https://x.com/coinexcom,,Exchanges & On-Ramps,,,✅ Found,CoinEx,id1752810318-bKyeAFLcS_CHVuymwrNMsQ,https://admin.thegrid.id/profiles/?rootId=id1752810318-bKyeAFLcS_CHVuymwrNMsQ,URL: urlMain,avalanche,https://core.app/discover/projects,In Development,
BitcoinVN,FALSE,FALSE,FALSE,FALSE,FALSE,FALSE,FALSE,FALSE,FALSE,Added,https://bitcoinvn.io,,https://twitter.com/bitcoin_vietnam,,Exchanges & On-Ramps,,,✅ Found,BitcoinVN,id1757616261-LwsrVw66Q7CqUP3Rgp9llQ,https://admin.thegrid.id/profiles/?rootId=id1757616261-LwsrVw66Q7CqUP3Rgp9llQ,URL: urlMain,avalanche,https://core.app/discover/projects,Live,
Wirex App,FALSE,FALSE,FALSE,FALSE,FALSE,FALSE,FALSE,FALSE,FALSE,Added,https://wirexapp.com/,,https://twitter.com/wirexapp,,Exchanges & On-Ramps,,,✅ Found,Wirex,id1746721679-TNOPb98OSzucfNYJ5WP2fQ,https://admin.thegrid.id/profiles/?rootId=id1746721679-TNOPb98OSzucfNYJ5WP2fQ,URL: urlMain,avalanche,https://core.app/discover/projects,Live,
MevX,FALSE,FALSE,FALSE,FALSE,FALSE,FALSE,FALSE,FALSE,FALSE,Added,https://mevx.io,,https://x.com/MEVX_Official,,Exchanges & On-Ramps,,,✅ Found,MevX,id1764848770-KhDJVDruSq6zsgCJXWZyYA,https://admin.thegrid.id/profiles/?rootId=id1764848770-KhDJVDruSq6zsgCJXWZyYA,URL: urlMain,avalanche,https://core.app/discover/projects,Live,
Slingshot,FALSE,FALSE,FALSE,FALSE,FALSE,FALSE,FALSE,FALSE,FALSE,Added,https://slingshot.app/,,https://x.com/SlingshotCrypto,,Exchanges & On-Ramps,,,✅ Found,Slingshot,3736,https://admin.thegrid.id/profiles/?rootId=3736,URL: URLs,avalanche,https://core.app/discover/projects,Live,
Meme City,FALSE,FALSE,FALSE,FALSE,FALSE,FALSE,FALSE,FALSE,FALSE,Not Processed,https://www.memecity.com/,,https://twitter.com/MemeCityonX,,Exchanges & On-Ramps,,,❌ Not found,,,,,avalanche,https://core.app/discover/projects,Live,
PumpSpace,FALSE,FALSE,FALSE,FALSE,FALSE,FALSE,FALSE,FALSE,FALSE,Not Processed,https://pumpspace.io/,,https://twitter.com/pumpspace10000,,Exchanges & On-Ramps,,,❌ Not found,,,,,avalanche,https://core.app/discover/projects,Live,
PRDT Finance,FALSE,FALSE,FALSE,FALSE,FALSE,FALSE,FALSE,FALSE,FALSE,Not Processed,https://prdt.finance/,,https://twitter.com/PRDT_Finance,,Exchanges & On-Ramps,,,❌ Not found,,,,,avalanche,https://core.app/discover/projects,Live,
FWX,FALSE,FALSE,FALSE,FALSE,FALSE,FALSE,FALSE,FALSE,FALSE,Not Processed,https://fwx.finance,,https://twitter.com/fwxfinance,,Exchanges & On-Ramps,,,❌ Not found,,,,,avalanche,https://core.app/discover/projects,Live,
Lucky Star Scription,FALSE,FALSE,FALSE,FALSE,FALSE,FALSE,FALSE,FALSE,FALSE,Not Processed,https://www.luckstars.org/,,https://twitter.com/DuckInu_Avax,,Exchanges & On-Ramps,,,❌ Not found,,,,,avalanche,https://core.app/discover/projects,In Development,
DexCheck,FALSE,FALSE,FALSE,FALSE,FALSE,FALSE,FALSE,FALSE,FALSE,Not Processed,https://dexcheck.ai/info,,https://twitter.com/DexCheck_io,,Exchanges & On-Ramps,,,❌ Not found,,,,,avalanche,https://core.app/discover/projects,Live,
RubyDex,FALSE,FALSE,FALSE,FALSE,FALSE,FALSE,FALSE,FALSE,FALSE,Not Processed,https://rubydex.com/en,,https://twitter.com/Ruby_Dex,,Exchanges & On-Ramps,,,❌ Not found,,,,,avalanche,https://core.app/discover/projects,Live,
Baki,FALSE,FALSE,FALSE,FALSE,FALSE,FALSE,FALSE,FALSE,FALSE,Not Processed,https://baki.exchange/,,https://twitter.com/canza_finance,,Exchanges & On-Ramps,,,❌ Not found,,,,,avalanche,https://core.app/discover/projects,Live,
Igloo,FALSE,FALSE,FALSE,FALSE,FALSE,FALSE,FALSE,FALSE,FALSE,Not Processed,https://igloo.ax,,https://twitter.com/iglooax,,Exchanges & On-Ramps,,,❌ Not found,,,,,avalanche,https://core.app/discover/projects,Live,
Bitcoin.com,FALSE,FALSE,FALSE,FALSE,FALSE,FALSE,FALSE,FALSE,FALSE,Not Processed,https://www.bitcoin.com/,,https://twitter.com/bitcoincom,,Exchanges & On-Ramps,,,❌ Not found,,,,,avalanche,https://core.app/discover/projects,Live,
BotFi.app,FALSE,FALSE,FALSE,FALSE,FALSE,FALSE,FALSE,FALSE,FALSE,Not Processed,https://botfi.app,,https://twitter.com/botfi_app,,Exchanges & On-Ramps,,,❌ Not found,,,,,avalanche,https://core.app/discover/projects,In Development,
XDEFI Wallet,FALSE,FALSE,FALSE,FALSE,FALSE,FALSE,FALSE,FALSE,FALSE,Not Processed,https://www.xdefi.io/,,https://twitter.com/xdefi_wallet,,Exchanges & On-Ramps,,,❌ Not found,,,,,avalanche,https://core.app/discover/projects,Live,
Meson,FALSE,FALSE,FALSE,FALSE,FALSE,FALSE,FALSE,FALSE,FALSE,Added,https://meson.fi/,,https://x.com/mesonfi,,Exchanges & On-Ramps,,,✅ Found,Meson Finance,id1762178208-1Wky1OtgTpSLSpeSsSO1nw,https://admin.thegrid.id/profiles/?rootId=id1762178208-1Wky1OtgTpSLSpeSsSO1nw,URL: urlMain,avalanche,https://core.app/discover/projects,Live,
Spell Wallet,FALSE,FALSE,FALSE,FALSE,FALSE,FALSE,FALSE,FALSE,FALSE,Not Processed,https://install.spellwallet.io/?utm_source=core_hub,,https://x.com/spell_club,,Exchanges & On-Ramps,,,❌ Not found,,,,,avalanche,https://core.app/discover/projects,Live,
ParaSwap,FALSE,FALSE,FALSE,FALSE,FALSE,FALSE,FALSE,FALSE,FALSE,Added,https://app.velora.xyz/#/swap?network=ethereum&version=6.2,,https://x.com/VeloraDEX,,Exchanges & On-Ramps,,,✅ Found,Velora,id1754072349-mqECsHLIQZOa_i5daSCQtQ,https://admin.thegrid.id/profiles/?rootId=id1754072349-mqECsHLIQZOa_i5daSCQtQ,Social Handle: Socials Lens - Twitter / X,avalanche,https://core.app/discover/projects,Live,
Magic Eden,FALSE,FALSE,FALSE,FALSE,FALSE,FALSE,FALSE,FALSE,FALSE,Added,https://magiceden.io/,,https://x.com/MagicEden,,Exchanges & On-Ramps,,,✅ Found,Magic Eden,126,https://admin.thegrid.id/profiles/?rootId=126,URL: urlMain,avalanche,https://core.app/discover/projects,Live,
Swaps.io,FALSE,FALSE,FALSE,FALSE,FALSE,FALSE,FALSE,FALSE,FALSE,Not Processed,https://swaps.io/,,https://x.com/swaps_io,,Exchanges & On-Ramps,,,❌ Not found,,,,,avalanche,https://core.app/discover/projects,Live,
Edge Wallet,FALSE,FALSE,FALSE,FALSE,FALSE,FALSE,FALSE,FALSE,FALSE,Added,https://edge.app/,,https://x.com/EdgeWallet,,Exchanges & On-Ramps,,,✅ Found,Edge,id1744884376-Q5dp94IESdSFJadXJ6398A,https://admin.thegrid.id/profiles/?rootId=id1744884376-Q5dp94IESdSFJadXJ6398A,URL: urlMain,avalanche,https://core.app/discover/projects,In Development,
Kibble Exchange,FALSE,FALSE,FALSE,FALSE,FALSE,FALSE,FALSE,FALSE,FALSE,Added,https://kibble.exchange/,,https://twitter.com/KibbleExchange,,Exchanges & On-Ramps,,,✅ Found,Kibble,id1767780162-4IUrUqwXRWqN0IfZzeLeKA,https://admin.thegrid.id/profiles/?rootId=id1767780162-4IUrUqwXRWqN0IfZzeLeKA,URL: urlMain,avalanche,https://core.app/discover/projects,Live,
LetsExchange.io,FALSE,FALSE,FALSE,FALSE,FALSE,FALSE,FALSE,FALSE,FALSE,Added,https://letsexchange.io,,https://twitter.com/letsexchange_io,,Exchanges & On-Ramps,,,✅ Found,LetsExchange,id1767780068-khuQM1zETcqxjPOVcr4RaA,https://admin.thegrid.id/profiles/?rootId=id1767780068-khuQM1zETcqxjPOVcr4RaA,URL: urlMain,avalanche,https://core.app/discover/projects,Live,
NuFi Wallet,FALSE,FALSE,FALSE,FALSE,FALSE,FALSE,FALSE,FALSE,FALSE,Not Processed,https://nu.fi,,https://twitter.com/nufiwallet,,Exchanges & On-Ramps,,,❌ Not found,,,,,avalanche,https://core.app/discover/projects,Live,
ChainARQ,FALSE,FALSE,FALSE,FALSE,FALSE,FALSE,FALSE,FALSE,FALSE,Added,https://chainarq.com/,,https://twitter.com/chainarq,,Exchanges & On-Ramps,,,✅ Found,ChainArq,id1757691384--SLaKwuwTgKsRTQrRVuzMg,https://admin.thegrid.id/profiles/?rootId=id1757691384--SLaKwuwTgKsRTQrRVuzMg,URL: urlMain,avalanche,https://core.app/discover/projects,In Development,
SoQuest,FALSE,FALSE,FALSE,FALSE,FALSE,FALSE,FALSE,FALSE,FALSE,Not Processed,https://soquest.xyz,,https://x.com/soquest_xyz,,Exchanges & On-Ramps,,,❌ Not found,,,,,avalanche,https://core.app/discover/projects,Live,
Gas.zip,FALSE,FALSE,FALSE,FALSE,FALSE,FALSE,FALSE,FALSE,FALSE,Added,https://gas.zip,,https://twitter.com/gasdotzip,,Exchanges & On-Ramps,,,✅ Found,Gas.zip,940,https://admin.thegrid.id/profiles/?rootId=940,Name: Profile,avalanche,https://core.app/discover/projects,Live,
Virgo Wallet,FALSE,FALSE,FALSE,FALSE,FALSE,FALSE,FALSE,FALSE,FALSE,Not Processed,https://virgo.net/,,https://x.com/virgo_coin,,Exchanges & On-Ramps,,,❌ Not found,,,,,avalanche,https://core.app/discover/projects,Live,
SmolRefuel,FALSE,FALSE,FALSE,FALSE,FALSE,FALSE,FALSE,FALSE,FALSE,Added,https://smolrefuel.com/,,https://twitter.com/smolrefuel,,Exchanges & On-Ramps,,,✅ Found,Smol Refuel,id1763404563-LTwUuRllTw23CCM8x9VpwA,https://admin.thegrid.id/profiles/?rootId=id1763404563-LTwUuRllTw23CCM8x9VpwA,URL: urlMain,avalanche,https://core.app/discover/projects,Live,
Rubic,FALSE,FALSE,FALSE,FALSE,FALSE,FALSE,FALSE,FALSE,FALSE,Added,https://rubic.exchange/,,https://twitter.com/CryptoRubic,,Exchanges & On-Ramps,,,✅ Found,Rubic,id1762957381-EyQqoI6sQc-dqPSwA5jQ3w,https://admin.thegrid.id/profiles/?rootId=id1762957381-EyQqoI6sQc-dqPSwA5jQ3w,URL: urlMain,avalanche,https://core.app/discover/projects,Live,
OpenOcean,FALSE,FALSE,FALSE,FALSE,FALSE,FALSE,FALSE,FALSE,FALSE,Added,https://openocean.finance/,,https://twitter.com/OpenOceanGlobal,,Exchanges & On-Ramps,,,✅ Found,OpenOcean,id1741256391-dZG6R5jYS5GL3HEwdoPmKA,https://admin.thegrid.id/profiles/?rootId=id1741256391-dZG6R5jYS5GL3HEwdoPmKA,URL: urlMain,avalanche,https://core.app/discover/projects,Live,
Synapse Protocol,FALSE,FALSE,FALSE,FALSE,FALSE,FALSE,FALSE,FALSE,FALSE,Added,https://synapseprotocol.com,,https://twitter.com/SynapseProtocol,,Exchanges & On-Ramps,,,✅ Found,Synapse Protocol,id1758096286-8I1mVo0eS3y-HCLEPwhL9g,https://admin.thegrid.id/profiles/?rootId=id1758096286-8I1mVo0eS3y-HCLEPwhL9g,URL: urlMain,avalanche,https://core.app/discover/projects,Live,
Orange,FALSE,FALSE,FALSE,FALSE,FALSE,FALSE,FALSE,FALSE,FALSE,Not Processed,https://www.orangeweb3.com,,https://x.com/orange_web3,,Avalanche L1s,,,❌ Not found,,,,,avalanche,https://core.app/discover/projects,In Development,
Suzaku,FALSE,FALSE,FALSE,FALSE,FALSE,FALSE,FALSE,FALSE,FALSE,Not Processed,https://www.suzaku.network/,,https://twitter.com/SuzakuNetwork,,Avalanche L1s,,,❌ Not found,,,,,avalanche,https://core.app/discover/projects,In Development,
The Binary Holdings,FALSE,FALSE,FALSE,FALSE,FALSE,FALSE,FALSE,FALSE,FALSE,Not Processed,https://www.thebinaryholdings.com/,,https://x.com/thebinaryhldgs,,Avalanche L1s,,,❌ Not found,,,,,avalanche,https://core.app/discover/projects,In Development,
Letsbuyhealthcare,FALSE,FALSE,FALSE,FALSE,FALSE,FALSE,FALSE,FALSE,FALSE,Not Processed,https://letsbuyhealthcare.com/,,https://x.com/Letsbuyhealth,,Avalanche L1s,,,❌ Not found,,,,,avalanche,https://core.app/discover/projects,In Development,
SK Planet,FALSE,FALSE,FALSE,FALSE,FALSE,FALSE,FALSE,FALSE,FALSE,Not Processed,https://www.skplanet.com/main,,https://twitter.com/avax/status/1646528786949890053?s=20,,Avalanche L1s,,,❌ Not found,,,,,avalanche,https://core.app/discover/projects,Live,
Emmet Finance,FALSE,FALSE,FALSE,FALSE,FALSE,FALSE,FALSE,FALSE,FALSE,Not Processed,https://emmet.finance/,,https://twitter.com/Emmet_Finance,,Avalanche L1s,,,❌ Not found,,,,,avalanche,https://core.app/discover/projects,Live,
CodeNekt,FALSE,FALSE,FALSE,FALSE,FALSE,FALSE,FALSE,FALSE,FALSE,Not Processed,https://www.codenekt.com,,https://twitter.com/cdktoken,,Avalanche L1s,,,❌ Not found,,,,,avalanche,https://core.app/discover/projects,Live,
tixbase,FALSE,FALSE,FALSE,FALSE,FALSE,FALSE,FALSE,FALSE,FALSE,Not Processed,https://tixbase.com,,https://twitter.com/tixbase,,Avalanche L1s,,,❌ Not found,,,,,avalanche,https://core.app/discover/projects,In Development,
Green Dot L1,FALSE,FALSE,FALSE,FALSE,FALSE,FALSE,FALSE,FALSE,FALSE,Not Processed,https://www.cayg.app/,,https://twitter.com/DeloitteGov,,Avalanche L1s,,,❌ Not found,,,,,avalanche,https://core.app/discover/projects,Live,
Numbers Protocol L1,FALSE,FALSE,FALSE,FALSE,FALSE,FALSE,FALSE,FALSE,FALSE,Not Processed,https://www.numbersprotocol.io/,,https://twitter.com/numbersprotocol,,Avalanche L1s,,,❌ Not found,,,,,avalanche,https://core.app/discover/projects,Live,
Step Network L1,FALSE,FALSE,FALSE,FALSE,FALSE,FALSE,FALSE,FALSE,FALSE,Not Processed,https://step.network/,,https://twitter.com/stepapp_,,Avalanche L1s,,,❌ Not found,,,,,avalanche,https://core.app/discover/projects,Live,
WAGMI L1,FALSE,FALSE,FALSE,FALSE,FALSE,FALSE,FALSE,FALSE,FALSE,Not Processed,https://docs.avax.network/subnets/wagmi,,https://twitter.com/_patrickogrady,,Avalanche L1s,,,❌ Not found,,,,,avalanche,https://core.app/discover/projects,Live,
XPLUS L1,FALSE,FALSE,FALSE,FALSE,FALSE,FALSE,FALSE,FALSE,FALSE,Not Processed,https://www.xplus.com/,,https://twitter.com/xplusio,,Avalanche L1s,,,❌ Not found,,,,,avalanche,https://core.app/discover/projects,Live,
XANA L1,FALSE,FALSE,FALSE,FALSE,FALSE,FALSE,FALSE,FALSE,FALSE,Not Processed,https://xanachain.xana.net/,,https://twitter.com/XANAMetaverse,,Avalanche L1s,,,❌ Not found,,,,,avalanche,https://core.app/discover/projects,Live,
Intain Markets L1,FALSE,FALSE,FALSE,FALSE,FALSE,FALSE,FALSE,FALSE,FALSE,Not Processed,https://intainft.com,,https://twitter.com/intainft,,Avalanche L1s,,,❌ Not found,,,,,avalanche,https://core.app/discover/projects,Live,
D-Chain,FALSE,FALSE,FALSE,FALSE,FALSE,FALSE,FALSE,FALSE,FALSE,Not Processed,https://www.d-teknoloji.com.tr,,https://twitter.com/DogusTeknoloji,,Avalanche L1s,,,❌ Not found,,,,,avalanche,https://core.app/discover/projects,Live,
Ash,FALSE,FALSE,FALSE,FALSE,FALSE,FALSE,FALSE,FALSE,FALSE,Not Processed,https://ash.center/,,https://twitter.com/ash_avax,,Avalanche L1s,,,❌ Not found,,,,,avalanche,https://core.app/discover/projects,In Development,
DexGuru Data Service,FALSE,FALSE,FALSE,FALSE,FALSE,FALSE,FALSE,FALSE,FALSE,Not Processed,https://b2b.dex.guru/,,https://twitter.com/dexguru,,Avalanche L1s,,,❌ Not found,,,,,avalanche,https://core.app/discover/projects,In Development,
RYMEDI_PII,FALSE,FALSE,FALSE,FALSE,FALSE,FALSE,FALSE,FALSE,FALSE,Not Processed,https://rymedi.com/,,https://twitter.com/Rymedi_Inc?t=9c1xdYFnj6IKGEUJIaufIg&s=08,,Avalanche L1s,,,❌ Not found,,,,,avalanche,https://core.app/discover/projects,In Development,
SparqNet,FALSE,FALSE,FALSE,FALSE,FALSE,FALSE,FALSE,FALSE,FALSE,Not Processed,https://sparq.network/,,https://twitter.com/SparqNet,,Avalanche L1s,,,❌ Not found,,,,,avalanche,https://core.app/discover/projects,In Development,
ooNodz Network,FALSE,FALSE,FALSE,FALSE,FALSE,FALSE,FALSE,FALSE,FALSE,Not Processed,https://oonodz.network/,,https://twitter.com/ooNodz_Network,,Avalanche L1s,,,❌ Not found,,,,,avalanche,https://core.app/discover/projects,Live,
Halliday,FALSE,FALSE,FALSE,FALSE,FALSE,FALSE,FALSE,FALSE,FALSE,Added,https://halliday.xyz/,,https://twitter.com/HallidayHQ,,Avalanche L1s,,,✅ Found,Halliday,id1755264481-BzYWwB9SSUutUkRJpQ1iQA,https://admin.thegrid.id/profiles/?rootId=id1755264481-BzYWwB9SSUutUkRJpQ1iQA,URL: urlMain,avalanche,https://core.app/discover/projects,Live,
DIGITAL HEALTH PLATORM – RYMEDI_PLATFORM,FALSE,FALSE,FALSE,FALSE,FALSE,FALSE,FALSE,FALSE,FALSE,Not Processed,https://rymedi.com,,https://twitter.com/Rymedi_Inc?t=9c1xdYFnj6IKGEUJIaufIg&s=08,,Avalanche L1s,,,❌ Not found,,,,,avalanche,https://core.app/discover/projects,Live,
MELD,FALSE,FALSE,FALSE,FALSE,FALSE,FALSE,FALSE,FALSE,FALSE,Not Processed,https://www.meld.com/,,https://twitter.com/meld_defi,,Avalanche L1s,,,❌ Not found,,,,,avalanche,https://core.app/discover/projects,Live,
BENQI,FALSE,FALSE,FALSE,FALSE,FALSE,FALSE,FALSE,FALSE,FALSE,Added,https://benqi.fi,,https://twitter.com/BenqiFinance,,Avalanche L1s,,,✅ Found,BENQI,id1760030725-yGVH7VKzQceXVc_lx166KA,https://admin.thegrid.id/profiles/?rootId=id1760030725-yGVH7VKzQceXVc_lx166KA,URL: urlMain,avalanche,https://core.app/discover/projects,Live,
GoGoPool,FALSE,FALSE,FALSE,FALSE,FALSE,FALSE,FALSE,FALSE,FALSE,Not Processed,https://gogopool.com,,https://twitter.com/gogopool_,,Avalanche L1s,,,❌ Not found,,,,,avalanche,https://core.app/discover/projects,Live,
Printr,FALSE,FALSE,FALSE,FALSE,FALSE,FALSE,FALSE,FALSE,FALSE,Not Processed,https://www.printr.money/,,https://x.com/printr,,Memecoins,,,❌ Not found,,,,,avalanche,https://core.app/discover/projects,In Development,
Blub,FALSE,FALSE,FALSE,FALSE,FALSE,FALSE,FALSE,FALSE,FALSE,Not Processed,https://www.blubhub.xyz/,,https://x.com/BlubBlobCoin,,Memecoins,,,❌ Not found,,,,,avalanche,https://core.app/discover/projects,Live,
Wink Realm,FALSE,FALSE,FALSE,FALSE,FALSE,FALSE,FALSE,FALSE,FALSE,Not Processed,https://www.winkwall.xyz/,,https://x.com/Wink_Realm,,Memecoins,,,❌ Not found,,,,,avalanche,https://core.app/discover/projects,Live,
Kimbo,FALSE,FALSE,FALSE,FALSE,FALSE,FALSE,FALSE,FALSE,FALSE,Not Processed,https://www.kimboavax.com/,,https://x.com/KimboAvax,,Memecoins,,,❌ Not found,,,,,avalanche,https://core.app/discover/projects,Live,
yellow ket,FALSE,FALSE,FALSE,FALSE,FALSE,FALSE,FALSE,FALSE,FALSE,Not Processed,https://www.ketboard.xyz/,,https://x.com/ketfromwyoming,,Memecoins,,,❌ Not found,,,,,avalanche,https://core.app/discover/projects,Live,
Ultravioleta DAO,FALSE,FALSE,FALSE,FALSE,FALSE,FALSE,FALSE,FALSE,FALSE,Not Processed,https://ultravioletadao.xyz/,,https://x.com/UltravioletaDAO,,Artificial Intelligence,,,❌ Not found,,,,,avalanche,https://core.app/discover/projects,In Development,
Zero Chat,FALSE,FALSE,FALSE,FALSE,FALSE,FALSE,FALSE,FALSE,FALSE,Not Processed,https://askzero.projectzero.io/,,https://x.com/ProjectZeroIO,,Artificial Intelligence,,,❌ Not found,,,,,avalanche,https://core.app/discover/projects,In Development,
Vexom AI,FALSE,FALSE,FALSE,FALSE,FALSE,FALSE,FALSE,FALSE,FALSE,Not Processed,https://vexom.ai/,,https://x.com/vexom_ai,,Artificial Intelligence,,,❌ Not found,,,,,avalanche,https://core.app/discover/projects,In Development,
Unhosted,FALSE,FALSE,FALSE,FALSE,FALSE,FALSE,FALSE,FALSE,FALSE,Not Processed,https://unhosted.com,,https://x.com/unhosted,,Artificial Intelligence,,,❌ Not found,,,,,avalanche,https://core.app/discover/projects,In Development,
COQ AI,FALSE,FALSE,FALSE,FALSE,FALSE,FALSE,FALSE,FALSE,FALSE,Not Processed,https://ai.coq.xyz/,,https://x.com/COQ_AI,,Artificial Intelligence,,,❌ Not found,,,,,avalanche,https://core.app/discover/projects,Live,
aigg,FALSE,FALSE,FALSE,FALSE,FALSE,FALSE,FALSE,FALSE,FALSE,Not Processed,https://www.aiggagent.com/,,https://x.com/aigg_agent,,Artificial Intelligence,,,❌ Not found,,,,,avalanche,https://core.app/discover/projects,Live,
Delaunch,FALSE,FALSE,FALSE,FALSE,FALSE,FALSE,FALSE,FALSE,FALSE,Not Processed,https://www.delaunch.ai/,,https://twitter.com/delaunch,,Artificial Intelligence,,,❌ Not found,,,,,avalanche,https://core.app/discover/projects,Live,
AI9000,FALSE,FALSE,FALSE,FALSE,FALSE,FALSE,FALSE,FALSE,FALSE,Not Processed,https://www.delaunch.ai/,,https://x.com/ai9000_delaunch,,Artificial Intelligence,,,❌ Not found,,,,,avalanche,https://core.app/discover/projects,Live,
Grail Market,FALSE,FALSE,FALSE,FALSE,FALSE,FALSE,FALSE,FALSE,FALSE,Not Processed,https://grailmarket.io/,,https://x.com/grail_market,,Consumer Apps,,,❌ Not found,,,,,avalanche,https://core.app/discover/projects,Live,
Fundit,FALSE,FALSE,FALSE,FALSE,FALSE,FALSE,FALSE,FALSE,FALSE,Not Processed,https://fundit.fun,,https://twitter.com/fundit_fun,,Consumer Apps,,,❌ Not found,,,,,avalanche,https://core.app/discover/projects,Live,
OnChainGM,FALSE,FALSE,FALSE,FALSE,FALSE,FALSE,FALSE,FALSE,FALSE,Not Processed,https://onchaingm.com,,https://twitter.com/OnChainGm,,Consumer Apps,,,❌ Not found,,,,,avalanche,https://core.app/discover/projects,Live,
SARAH,FALSE,FALSE,FALSE,FALSE,FALSE,FALSE,FALSE,FALSE,FALSE,Not Processed,https://sarah30.com/,,https://twitter.com/SARAH__Gourmet,,Consumer Apps,,,❌ Not found,,,,,avalanche,https://core.app/discover/projects,Live,
Mint Club,FALSE,FALSE,FALSE,FALSE,FALSE,FALSE,FALSE,FALSE,FALSE,Added,https://mint.club/,,https://twitter.com/MintClubPro,,Consumer Apps,,,✅ Found,Mint Club,975,https://admin.thegrid.id/profiles/?rootId=975,URL: urlMain,avalanche,https://core.app/discover/projects,Live,
Tobi App,FALSE,FALSE,FALSE,FALSE,FALSE,FALSE,FALSE,FALSE,FALSE,Not Processed,https://www.tobi.fun/,,https://x.com/TobiCopilot,,Consumer Apps,,,❌ Not found,,,,,avalanche,https://core.app/discover/projects,In Development,
Bites - AI - Powered Web3 Publishing Platform,FALSE,FALSE,FALSE,FALSE,FALSE,FALSE,FALSE,FALSE,FALSE,Not Processed,https://bites.xyz,,https://twitter.com/bites_xyz,,Consumer Apps,,,❌ Not found,,,,,avalanche,https://core.app/discover/projects,Live,
GroupFi,FALSE,FALSE,FALSE,FALSE,FALSE,FALSE,FALSE,FALSE,FALSE,Not Processed,https://groupfi.ai/,,https://twitter.com/groupfi_ai,,Consumer Apps,,,❌ Not found,,,,,avalanche,https://core.app/discover/projects,Live,
DeceX,FALSE,FALSE,FALSE,FALSE,FALSE,FALSE,FALSE,FALSE,FALSE,Not Processed,https://decex.app/,,https://twitter.com/decexcorp,,Consumer Apps,,,❌ Not found,,,,,avalanche,https://core.app/discover/projects,Live,
The Arena,FALSE,FALSE,FALSE,FALSE,FALSE,FALSE,FALSE,FALSE,FALSE,Not Processed,https://arena.social/home,,https://twitter.com/TheArenaApp,,Consumer Apps,,,❌ Not found,,,,,avalanche,https://core.app/discover/projects,Live,
Web3 Technology Solutions,FALSE,FALSE,FALSE,FALSE,FALSE,FALSE,FALSE,FALSE,FALSE,Not Processed,https://web3tech.biz,,https://twitter.com/Web3tech_,,Service Providers,,,❌ Not found,,,,,avalanche,https://core.app/discover/projects,Live,
Rubyscore,FALSE,FALSE,FALSE,FALSE,FALSE,FALSE,FALSE,FALSE,FALSE,Not Processed,https://rubyscore.io/,,https://x.com/rubyscore_io,,Service Providers,,,❌ Not found,,,,,avalanche,https://core.app/discover/projects,In Development,
SecureDApp,FALSE,FALSE,FALSE,FALSE,FALSE,FALSE,FALSE,FALSE,FALSE,Not Processed,https://securedapp.io/,,https://twitter.com/Secure_DApp,,Service Providers,,,❌ Not found,,,,,avalanche,https://core.app/discover/projects,Live,
Mailchain,FALSE,FALSE,FALSE,FALSE,FALSE,FALSE,FALSE,FALSE,FALSE,Not Processed,https://mailchain.com/,,https://twitter.com/mailchain_xyz,,Service Providers,,,❌ Not found,,,,,avalanche,https://core.app/discover/projects,Live,
Civic,FALSE,FALSE,FALSE,FALSE,FALSE,FALSE,FALSE,FALSE,FALSE,Added,https://www.civic.com,,https://twitter.com/civickey,,Service Providers,,,✅ Found,Civic,1400,https://admin.thegrid.id/profiles/?rootId=1400,URL: urlMain,avalanche,https://core.app/discover/projects,Live,
Snickerdoodle,FALSE,FALSE,FALSE,FALSE,FALSE,FALSE,FALSE,FALSE,FALSE,Not Processed,https://www.snickerdoodle.com/,,https://twitter.com/YoSnickerdoodle,,Service Providers,,,❌ Not found,,,,,avalanche,https://core.app/discover/projects,Live,
Holonym,FALSE,FALSE,FALSE,FALSE,FALSE,FALSE,FALSE,FALSE,FALSE,Not Processed,https://holonym.id,,https://twitter.com/0xholonym,,Service Providers,,,❌ Not found,,,,,avalanche,https://core.app/discover/projects,In Development,
Privy,FALSE,FALSE,FALSE,FALSE,FALSE,FALSE,FALSE,FALSE,FALSE,Added,https://www.privy.io/,,https://twitter.com/privy_io,,Service Providers,,,✅ Found,Privy,972,https://admin.thegrid.id/profiles/?rootId=972,URL: urlMain,avalanche,https://core.app/discover/projects,Live,
Nuggets,FALSE,FALSE,FALSE,FALSE,FALSE,FALSE,FALSE,FALSE,FALSE,Not Processed,https://nuggets.life/,,https://twitter.com/nuggetsPAYandID,,Service Providers,,,❌ Not found,,,,,avalanche,https://core.app/discover/projects,Live,
Haiku,FALSE,FALSE,FALSE,FALSE,FALSE,FALSE,FALSE,FALSE,FALSE,Not Processed,https://haiku.trade/,,https://x.com/HaikuTrade,,Service Providers,,,❌ Not found,,,,,avalanche,https://core.app/discover/projects,In Development,
Notum,FALSE,FALSE,FALSE,FALSE,FALSE,FALSE,FALSE,FALSE,FALSE,Not Processed,http://notum.ai/,,https://x.com/NotumDefi,,Service Providers,,,❌ Not found,,,,,avalanche,https://core.app/discover/projects,Live,
Pulsar Finance,FALSE,FALSE,FALSE,FALSE,FALSE,FALSE,FALSE,FALSE,FALSE,Added,https://app.pulsar.finance/,,https://x.com/PulsarFinance,,Service Providers,,,✅ Found,Pulsar Finance,id1762284666-QbAtPOivRHaDdNaCbiB6kQ,https://admin.thegrid.id/profiles/?rootId=id1762284666-QbAtPOivRHaDdNaCbiB6kQ,Social Handle: Socials Lens - Twitter / X,avalanche,https://core.app/discover/projects,Live,
Treehouse,FALSE,FALSE,FALSE,FALSE,FALSE,FALSE,FALSE,FALSE,FALSE,Not Processed,https://harvest.treehouse.finance/connect,,https://x.com/TreehouseFi,,Service Providers,,,❌ Not found,,,,,avalanche,https://core.app/discover/projects,Live,
Superform,FALSE,FALSE,FALSE,FALSE,FALSE,FALSE,FALSE,FALSE,FALSE,Added,https://www.superform.xyz/,,https://x.com/Superformxyz,,Service Providers,,,✅ Found,Superform,1290,https://admin.thegrid.id/profiles/?rootId=1290,URL: urlMain,avalanche,https://core.app/discover/projects,Live,
CIAN,FALSE,FALSE,FALSE,FALSE,FALSE,FALSE,FALSE,FALSE,FALSE,Not Processed,https://cian.app/,,https://x.com/CIAN_protocol,,Service Providers,,,❌ Not found,,,,,avalanche,https://core.app/discover/projects,Live,
Bitgo,FALSE,FALSE,FALSE,FALSE,FALSE,FALSE,FALSE,FALSE,FALSE,Added,https://www.bitgo.com/,,https://x.com/BitGo,,Service Providers,,,✅ Found,BitGo,1126,https://admin.thegrid.id/profiles/?rootId=1126,URL: urlMain,avalanche,https://core.app/discover/projects,Live,
Folks Finance,FALSE,FALSE,FALSE,FALSE,FALSE,FALSE,FALSE,FALSE,FALSE,Added,https://folks.finance/,,https://twitter.com/FolksFinance,,Service Providers,,,✅ Found,Folks Finance,id1757910896-VWOEyF29T8CLjCqzgKV9zg,https://admin.thegrid.id/profiles/?rootId=id1757910896-VWOEyF29T8CLjCqzgKV9zg,URL: urlMain,avalanche,https://core.app/discover/projects,Live,
Core web,FALSE,FALSE,FALSE,FALSE,FALSE,FALSE,FALSE,FALSE,FALSE,Not Processed,https://core.app,,https://twitter.com/coreapp,,Service Providers,,,❌ Not found,,,,,avalanche,https://core.app/discover/projects,Live,
De.Fi,FALSE,FALSE,FALSE,FALSE,FALSE,FALSE,FALSE,FALSE,FALSE,Not Processed,https://de.fi/,,https://x.com/DeFi,,Service Providers,,,❌ Not found,,,,,avalanche,https://core.app/discover/projects,Live,
OpenPool,FALSE,FALSE,FALSE,FALSE,FALSE,FALSE,FALSE,FALSE,FALSE,Not Processed,https://openpool.co/,,https://twitter.com/openPoolLabs,,Service Providers,,,❌ Not found,,,,,avalanche,https://core.app/discover/projects,Live,
Hypernative,FALSE,FALSE,FALSE,FALSE,FALSE,FALSE,FALSE,FALSE,FALSE,Added,https://www.hypernative.io,,https://twitter.com/HypernativeLabs,,Service Providers,,,✅ Found,Hypernative,id1741256336-Pt3oIHgDQ6CZtDyAvTR6jA,https://admin.thegrid.id/profiles/?rootId=id1741256336-Pt3oIHgDQ6CZtDyAvTR6jA,URL: urlMain,avalanche,https://core.app/discover/projects,Live,
BitOK,FALSE,FALSE,FALSE,FALSE,FALSE,FALSE,FALSE,FALSE,FALSE,Not Processed,https://bitok.org/,,https://twitter.com/BitOK_org,,Service Providers,,,❌ Not found,,,,,avalanche,https://core.app/discover/projects,Live,
Brokkr,FALSE,FALSE,FALSE,FALSE,FALSE,FALSE,FALSE,FALSE,FALSE,Not Processed,https://brokkr.finance/?utm_source=coreavax&utm_medium=link,,https://twitter.com/BrokkrFinance,,Service Providers,,,❌ Not found,,,,,avalanche,https://core.app/discover/projects,Live,
Alphaday,FALSE,FALSE,FALSE,FALSE,FALSE,FALSE,FALSE,FALSE,FALSE,Not Processed,https://alphaday.com,,https://twitter.com/AlphadayHQ,,Service Providers,,,❌ Not found,,,,,avalanche,https://core.app/discover/projects,In Development,
Zapper,FALSE,FALSE,FALSE,FALSE,FALSE,FALSE,FALSE,FALSE,FALSE,Added,https://zapper.fi/dashboard,,https://twitter.com/zapper_fi,,Service Providers,,,✅ Found,Zapper,969,https://admin.thegrid.id/profiles/?rootId=969,Name: Profile,avalanche,https://core.app/discover/projects,Live,
Yield,FALSE,FALSE,FALSE,FALSE,FALSE,FALSE,FALSE,FALSE,FALSE,Not Processed,https://www.yield.app/,,https://twitter.com/yieldapp,,Service Providers,,,❌ Not found,,,,,avalanche,https://core.app/discover/projects,Live,
Quadency,FALSE,FALSE,FALSE,FALSE,FALSE,FALSE,FALSE,FALSE,FALSE,Not Processed,https://quadency.com/,,https://twitter.com/quadency,,Service Providers,,,❌ Not found,,,,,avalanche,https://core.app/discover/projects,Live,
Fireblocks,FALSE,FALSE,FALSE,FALSE,FALSE,FALSE,FALSE,FALSE,FALSE,Added,https://www.fireblocks.com/blog/avalanche-x-fireblocks/,,https://twitter.com/FireblocksHQ,,Service Providers,,,✅ Found,Fireblocks,1307,https://admin.thegrid.id/profiles/?rootId=1307,Social Handle: Socials Lens - Twitter / X,avalanche,https://core.app/discover/projects,Live,
Shopping.io,FALSE,FALSE,FALSE,FALSE,FALSE,FALSE,FALSE,FALSE,FALSE,Not Processed,https://shopping.io/,,https://x.com/shopping_io,,Service Providers,,,❌ Not found,,,,,avalanche,https://core.app/discover/projects,Live,
Den,FALSE,FALSE,FALSE,FALSE,FALSE,FALSE,FALSE,FALSE,FALSE,Added,https://onchainden.com,,https://x.com/OnChainDen,,Service Providers,,,✅ Found,Den,id1757706903-5aaoMpUIQieBSiOeXGo7EQ,https://admin.thegrid.id/profiles/?rootId=id1757706903-5aaoMpUIQieBSiOeXGo7EQ,URL: urlMain,avalanche,https://core.app/discover/projects,In Development,
CryptoRefills,FALSE,FALSE,FALSE,FALSE,FALSE,FALSE,FALSE,FALSE,FALSE,Added,https://www.cryptorefills.com/,,https://twitter.com/CryptoRefills,,Service Providers,,,✅ Found,CryptoRefills,1436,https://admin.thegrid.id/profiles/?rootId=1436,URL: urlMain,avalanche,https://core.app/discover/projects,Live,
XKOVA,FALSE,FALSE,FALSE,FALSE,FALSE,FALSE,FALSE,FALSE,FALSE,Added,https://xkova.com/,,https://x.com/xkovapay,,Service Providers,,,✅ Found,XKOVA,id1756871322-CVYc0tfmTcO329wrMXSFvQ,https://admin.thegrid.id/profiles/?rootId=id1756871322-CVYc0tfmTcO329wrMXSFvQ,URL: urlMain,avalanche,https://core.app/discover/projects,Live,
Remox,FALSE,FALSE,FALSE,FALSE,FALSE,FALSE,FALSE,FALSE,FALSE,Not Processed,https://remox.io/,,https://twitter.com/useremox,,Service Providers,,,❌ Not found,,,,,avalanche,https://core.app/discover/projects,Live,
Omnify,FALSE,FALSE,FALSE,FALSE,FALSE,FALSE,FALSE,FALSE,FALSE,Not Processed,https://omnify.finance/,,https://twitter.com/ofyblob,,Service Providers,,,❌ Not found,,,,,avalanche,https://core.app/discover/projects,Live,
LINK,FALSE,FALSE,FALSE,FALSE,FALSE,FALSE,FALSE,FALSE,FALSE,Added,https://www.linkio.africa,,https://twitter.com/Link_IO,,Service Providers,,,✅ Found,LINK,id1755366268-ky5VVjEmRT-IoG7BaCrAAw,https://admin.thegrid.id/profiles/?rootId=id1755366268-ky5VVjEmRT-IoG7BaCrAAw,Name: Profile,avalanche,https://core.app/discover/projects,Live,
ivendPay,FALSE,FALSE,FALSE,FALSE,FALSE,FALSE,FALSE,FALSE,FALSE,Not Processed,https://ivendpay.com/,,https://twitter.com/ivendpay,,Service Providers,,,❌ Not found,,,,,avalanche,https://core.app/discover/projects,Live,
Radom,FALSE,FALSE,FALSE,FALSE,FALSE,FALSE,FALSE,FALSE,FALSE,Added,https://www.radom.network/,,https://twitter.com/radomnetwork,,Service Providers,,,✅ Found,Radom,id1755237435-M-k0HY2OQq-cWGOQxlRwhg,https://admin.thegrid.id/profiles/?rootId=id1755237435-M-k0HY2OQq-cWGOQxlRwhg,Name: Profile,avalanche,https://core.app/discover/projects,In Development,
NOWPayments,FALSE,FALSE,FALSE,FALSE,FALSE,FALSE,FALSE,FALSE,FALSE,Not Processed,https://nowpayments.io/,,https://twitter.com/NOWPayments_io,,Service Providers,,,❌ Not found,,,,,avalanche,https://core.app/discover/projects,Live,
Ramp Network,FALSE,FALSE,FALSE,FALSE,FALSE,FALSE,FALSE,FALSE,FALSE,Added,https://ramp.network/,,https://twitter.com/RampNetwork,,Service Providers,,,✅ Found,Ramp,id1741256419-WpPtN65aS8m8qTrK6Y3Clw,https://admin.thegrid.id/profiles/?rootId=id1741256419-WpPtN65aS8m8qTrK6Y3Clw,URL: urlMain,avalanche,https://core.app/discover/projects,Live,
Highland Security,FALSE,FALSE,FALSE,FALSE,FALSE,FALSE,FALSE,FALSE,FALSE,Not Processed,https://highlandsecurity.io/,,https://twitter.com/0xHighlandSec,,Service Providers,,,❌ Not found,,,,,avalanche,https://core.app/discover/projects,Live,
SphereX Technologies,FALSE,FALSE,FALSE,FALSE,FALSE,FALSE,FALSE,FALSE,FALSE,Not Processed,https://www.spherextech.com/,,https://twitter.com/SpherexTech,,Service Providers,,,❌ Not found,,,,,avalanche,https://core.app/discover/projects,Live,
Listus,FALSE,FALSE,FALSE,FALSE,FALSE,FALSE,FALSE,FALSE,FALSE,Not Processed,https://app.rampnalysis.com/register,,https://twitter.com/rampnalysis,,Service Providers,,,❌ Not found,,,,,avalanche,https://core.app/discover/projects,Live,
Revoke.cash,FALSE,FALSE,FALSE,FALSE,FALSE,FALSE,FALSE,FALSE,FALSE,Not Processed,https://revoke.cash/,,https://twitter.com/RevokeCash,,Service Providers,,,❌ Not found,,,,,avalanche,https://core.app/discover/projects,Live,
Liminal,FALSE,FALSE,FALSE,FALSE,FALSE,FALSE,FALSE,FALSE,FALSE,Added,https://lmnl.app,,https://twitter.com/LmnlHQ,,Service Providers,,,✅ Found,Liminal,id1755264497-SgrQMybITiSiCugKVjY3Yg,https://admin.thegrid.id/profiles/?rootId=id1755264497-SgrQMybITiSiCugKVjY3Yg,Name: Profile,avalanche,https://core.app/discover/projects,Live,
Defiant,FALSE,FALSE,FALSE,FALSE,FALSE,FALSE,FALSE,FALSE,FALSE,Not Processed,https://defiantapp.tech,,https://twitter.com/defiantApp,,Service Providers,,,❌ Not found,,,,,avalanche,https://core.app/discover/projects,Live,
Cyberscan,FALSE,FALSE,FALSE,FALSE,FALSE,FALSE,FALSE,FALSE,FALSE,Added,https://www.cyberscope.io/cyberscan,,https://x.com/Cyberscope_io,,Service Providers,,,✅ Found,Cyberscope,1861,https://admin.thegrid.id/profiles/?rootId=1861,Name: Product,avalanche,https://core.app/discover/projects,Live,
Copper,FALSE,FALSE,FALSE,FALSE,FALSE,FALSE,FALSE,FALSE,FALSE,Added,https://copper.co/,,https://x.com/CopperHQ,,Service Providers,,,✅ Found,Copper,1305,https://admin.thegrid.id/profiles/?rootId=1305,URL: urlMain,avalanche,https://core.app/discover/projects,Live,
SolidityScan,FALSE,FALSE,FALSE,FALSE,FALSE,FALSE,FALSE,FALSE,FALSE,Not Processed,https://solidityscan.com,,https://x.com/solidityscan,,Service Providers,,,❌ Not found,,,,,avalanche,https://core.app/discover/projects,Live,
